Random Title 960, 2024-04-06
Random Title 281, 2024-01-06
Random Title 692, 2024-11-19
Random Title 635, 2023-09-13
Random Title 843, 2023-05-01
Random Title 297, 2024-12-25
Random Title 70, 2023-09-30
Random Title 655, 2023-04-25
Random Title 818, 2024-03-31
Random Title 662, 2023-11-19
Random Title 217, 2024-07-13
Random Title 177, 2024-03-06
Random Title 415, 2023-08-13
Random Title 294, 2024-02-05
Random Title 857, 2024-04-13
Random Title 639, 2023-07-18
Random Title 437, 2023-10-01
Random Title 557, 2024-04-30
Random Title 653, 2023-07-18
Random Title 400, 2023-05-15
Random Title 722, 2023-02-13
Random Title 129, 2023-12-08
Random Title 953, 2023-09-22
Random Title 953, 2024-05-10
Random Title 536, 2024-04-14
Random Title 609, 2023-03-26
Random Title 748, 2023-10-16
Random Title 729, 2023-12-04
Random Title 123, 2023-06-18
Random Title 784, 2023-06-16
Random Title 790, 2023-07-13
Random Title 953, 2024-12-10
Random Title 2, 2023-03-09
Random Title 458, 2023-01-11
Random Title 694, 2023-11-11
Random Title 67, 2023-02-04
Random Title 36, 2023-01-28
Random Title 79, 2023-07-26
Random Title 176, 2023-01-26
Random Title 643, 2023-03-25
Random Title 640, 2024-09-20
Random Title 381, 2023-08-25
Random Title 478, 2023-11-01
Random Title 651, 2023-01-05
Random Title 75, 2023-09-19
Random Title 564, 2024-07-01
Random Title 55, 2023-01-19
Random Title 963, 2024-06-23
Random Title 805, 2024-08-14
Random Title 635, 2024-06-27
Random Title 816, 2024-09-12
Random Title 799, 2023-11-22
Random Title 832, 2024-08-23
Random Title 619, 2024-04-02
Random Title 277, 2024-01-04
Random Title 693, 2024-11-25
Random Title 677, 2024-01-26
Random Title 638, 2024-03-07
Random Title 38, 2023-11-02
Random Title 976, 2024-04-02
Random Title 205, 2023-04-18
Random Title 117, 2023-04-18
Random Title 385, 2023-12-20
Random Title 267, 2024-10-05
Random Title 608, 2023-10-16
Random Title 150, 2024-02-17
Random Title 378, 2023-05-22
Random Title 835, 2024-03-11
Random Title 474, 2024-03-02
Random Title 498, 2024-06-24
Random Title 202, 2024-08-02
Random Title 360, 2023-11-03
Random Title 18, 2024-08-30
Random Title 107, 2023-01-30
Random Title 881, 2023-07-27
Random Title 776, 2023-01-23
Random Title 827, 2023-01-30
Random Title 723, 2023-12-27
Random Title 298, 2023-01-09
Random Title 162, 2024-07-20
Random Title 393, 2024-04-12
Random Title 22, 2023-05-20
Random Title 886, 2024-09-20
Random Title 646, 2024-04-18
Random Title 303, 2024-02-21
Random Title 944, 2023-01-08
Random Title 220, 2023-02-20
Random Title 682, 2023-05-31
Random Title 984, 2023-08-11
Random Title 571, 2024-11-18
Random Title 995, 2023-04-20
Random Title 765, 2023-10-02
Random Title 586, 2024-08-09
Random Title 259, 2024-10-09
Random Title 657, 2024-04-01
Random Title 154, 2024-10-14
Random Title 9, 2023-09-23
Random Title 791, 2024-09-24
Random Title 955, 2023-05-13
Random Title 36, 2024-04-12
Random Title 93, 2024-02-03
Random Title 450, 2024-03-24
Random Title 722, 2024-07-13
Random Title 666, 2023-01-23
Random Title 154, 2024-05-11
Random Title 938, 2024-04-19
Random Title 433, 2023-06-10
Random Title 800, 2023-09-08
Random Title 310, 2024-01-18
Random Title 689, 2024-10-01
Random Title 308, 2024-10-30
Random Title 655, 2024-01-22
Random Title 681, 2024-08-20
Random Title 46, 2024-07-22
Random Title 752, 2023-11-10
Random Title 887, 2023-04-19
Random Title 79, 2024-11-26
Random Title 523, 2024-07-08
Random Title 225, 2024-09-12
Random Title 576, 2023-08-31
Random Title 928, 2024-04-18
Random Title 455, 2023-09-01
Random Title 298, 2023-12-26
Random Title 566, 2023-09-16
Random Title 74, 2023-08-12
